road_key,total_crashes,night_crashes,rush_crashes,weekend_crashes,avg_ADT,accident_risk_level,congestion_risk_level,lat,lon
1/2 STREET,1,1,0,0,9600,Low,Low,36.8487012,-75.981379
100OCEANA BLVD,1,0,0,0,30000,Low,Medium,,
1100NIMMO PKWY,1,1,0,0,14000,Low,Low,,
14TH ST,2,2,0,0,16000,Medium,Low,36.8423902,-75.9741092
1500BLK DAHLIA DR,1,0,1,0,6200,Low,Low,,
17TH ST,1,0,0,1,3300,Low,Low,36.8412035,-75.9872786
18TH ST,2,0,1,0,9650,Medium,Low,36.844965,-75.9823004
19 TH STREET,1,0,0,1,16000,Low,Low,,
1900BLK UPTON DR,1,0,1,1,9400,Low,Low,,
19H ST,1,0,0,1,3300,Low,Low,,
19TH ST,4,0,2,1,3300,Medium,Low,36.8446493,-75.9898216
20TH ST,3,1,0,1,7267,Medium,Low,36.8463327,-75.9849505
21ST ST,5,0,2,2,16000,High,Low,36.8488989,-75.9773998
22 ND 1/2 ST,1,0,0,0,16000,Low,Low,36.8635831,-75.9798968
22 ND ST,1,0,1,0,16000,Low,Low,,
22 ND STREET,1,1,0,1,16000,Low,Low,,
22N ST,1,0,0,0,13000,Low,Low,,
22ND ST,21,6,3,9,13000,High,Low,36.8485285,-75.9852535
23RD ST,2,0,2,1,16000,Medium,Low,36.8500005,-75.9893187
24TH ST,8,1,4,3,2900,High,Low,36.8514469,-75.9801615
25TH HALF ST,1,0,1,0,16000,Low,Low,,
26 TH STREET .,1,0,1,0,16000,Low,Low,,
264W AT WITCHDUCK RD ON RAMP,1,0,0,1,71000,Low,High,,
26TH ST,1,0,1,0,2900,Low,Low,36.8545945,-75.9762268
28TH ST,3,1,0,1,7267,Medium,Low,36.8563326,-75.9779672
2900BLK NORTH LANDING RD,1,1,0,0,71000,Low,High,,
30TH ST,3,2,0,0,16000,Medium,Low,36.8577487,-75.9813732
32ND ST,6,1,4,1,15000,High,Low,36.8597315,-75.9816357
33RD ST,1,0,0,1,15000,Low,Low,36.8607987,-75.9813168
34TH ST,1,1,0,1,2900,Low,Low,36.8618678,-75.9810281
36TH ST,1,0,0,0,16000,Low,Low,36.8640652,-75.9800258
5300BLOCK SUSQUEHANNA DRIVE,1,1,0,1,2100,Low,Low,,
78TH ST,1,0,0,0,16000,Low,Low,36.9028083,-75.9924934
83RD ST,1,1,0,1,16000,Low,Low,36.9076114,-75.9946598
9TH ST,1,0,0,1,3300,Low,Low,36.8185887,-75.9790477
ABBEYVILLE RD,1,0,0,0,39000,Low,High,,
ACADEMY DR,1,0,1,0,9400,Low,Low,36.7723011,-76.0888562
ADAM KEELING RD,3,0,1,2,39000,Medium,High,36.9026928,-76.0758235
ADMIRAL WRIGHT RD,1,0,0,0,39000,Low,High,,
ALBRIGHT DR,1,0,1,0,3700,Low,Low,,
ALCOTT RD,2,0,2,1,71000,Medium,High,36.8446324,-76.0882926
AMBERLEY FOREST ROAD,1,0,1,0,71000,Low,High,,
ANGELFISH LANE,1,0,0,1,1900,Low,Low,36.7095688,-75.9311012
ANVERS ROAD,1,0,1,0,71000,Low,High,,
AQUAMARINE DR,1,1,0,0,5000,Low,Low,,
ARAGONA   BLVD,1,0,0,0,5300,Low,Low,,
ARAGONA BL,10,0,7,0,5300,High,Low,,
ARAGONA BLVD,6,0,4,3,5300,High,Low,,
ARCHDALE DR,1,0,0,0,9400,Low,Low,,
ARCHDALE RD,1,0,0,0,39000,Low,High,,
ARCTIC AVE,2,0,0,1,3600,Medium,Low,36.8443194,-75.9772406
ARROWHEAD DR,3,1,0,0,1900,Medium,Low,,
ASHAWAY ROAD,1,0,0,0,39000,Low,High,36.809975,-76.0854873
ATLANTIC AV,2,1,1,2,7200,Medium,Low,36.9293939,-76.0148788
ATLANTIC AVE,7,0,3,2,7200,High,Low,36.9293939,-76.0148788
ATLANTIC AVENUE,1,0,1,0,7200,Low,Low,36.9103642,-75.9940962
AUBURN DR,1,0,0,0,6700,Low,Low,,
AUTUMN HARVEST DR,1,0,0,0,20000,Low,Medium,,
AVALON WOODS DR,1,1,0,0,420,Low,Low,,
BAKER CT,1,1,0,0,5000,Low,Low,,
BAKER RD,20,6,6,5,5000,High,Low,,
BALFOR DR,1,0,1,0,6700,Low,Low,,
BALTIC AVE,1,0,1,1,5600,Low,Low,36.8340792,-75.9764251
BANCROFT DR,1,0,1,0,9400,Low,Low,36.815766,-76.0960484
BANK ST,1,1,0,0,16000,Low,Low,,
BANNOCK RD,1,0,1,0,39000,Low,High,,
BARK LN,1,0,0,1,1900,Low,Low,,
BAXTER RD,18,1,9,6,19000,High,Medium,,
BAXTER ROAD,2,0,2,0,19000,Medium,Medium,,
BAY COLONY DR,2,0,0,0,12500,Medium,Low,36.8747773,-75.9949491
BAY DR,1,0,1,0,200,Low,Low,36.868663,-75.9935126
BAY POINT DR,1,0,0,0,5000,Low,Low,36.8897671,-76.0337742
BAYCLIFF DR,1,0,1,0,9400,Low,Low,36.883346,-76.0341534
BAYSIDE RD,1,1,0,0,2600,Low,Low,,
BEACH TOWN DR,1,0,0,1,20000,Low,Medium,36.8389893,-75.9945551
BEAUFAIN BL,2,0,1,1,3400,Medium,Low,,
BEECHWALK DR,1,0,1,0,20000,Low,Medium,,
BELLS RD,1,0,1,1,6400,Low,Low,36.8207703,-75.9930715
BELLS ROAD,1,0,1,0,6400,Low,Low,36.8207703,-75.9930715
BERRIE E  CIR,1,0,1,0,1500,Low,Low,,
BERRIE RD,1,0,0,1,71000,Low,High,,
BIRDNECK RD,4,2,0,2,3900,Medium,Low,36.8536633,-75.9956684
BIRDNECK RD N,23,2,8,5,3900,High,Low,36.8540264,-75.9965677
BIRDNECK RD S,7,1,1,4,28000,High,Medium,36.8536633,-75.9956684
BLACKWATER RD,4,2,1,2,2900,Medium,Low,,
BLK .N.GREAT NECK RD,1,0,0,1,71000,Low,High,,
BLK 20TH STREET,1,1,0,1,16000,Low,Low,,
BLK 23 RD ST,1,0,0,0,39000,Low,High,,
BLK BAKER ROAD,1,0,0,0,5000,Low,Low,,
BLK BOLD RULER DR,1,1,0,1,20000,Low,Medium,,
BLK BONNEY RD,1,0,0,0,12000,Low,Low,,
BLK BROCKIE ST,1,0,0,0,16000,Low,Low,,
BLK CLINTON STREET,1,0,1,0,16000,Low,Low,,
BLK DAM NECK,1,0,0,0,36000,Low,Medium,36.7827858,-75.998983
BLK DAM NECK RD,3,0,2,0,36000,Medium,Medium,,
BLK DAM NECK STATION,1,0,1,0,36000,Low,Medium,,
BLK DIAMOND SPRINGS RD,1,1,0,0,22000,Low,Medium,,
BLK EDWIN DR,1,0,0,0,5000,Low,Low,,
BLK EDWIN DRIVE,1,0,0,0,5000,Low,Low,,
BLK FERRELL PARKWAY,1,0,0,0,43000,Low,High,,
BLK FIRST COLONIAL RD,7,2,4,3,36000,High,Medium,,
BLK GENERAL BOOTH BLVD,4,3,0,1,46000,Medium,High,36.7827858,-75.998983
BLK HOLLAND RD,1,0,0,1,36000,Low,Medium,,
BLK HOLLAND ROAD,1,0,1,0,36000,Low,Medium,,
BLK HOSPITAL DR,1,1,0,0,20000,Low,Medium,,
BLK INDEPDENCE BLVD,1,0,0,0,30000,Low,Medium,,
BLK INDEPENDENCE BLVD,1,0,1,0,73000,Low,High,,
BLK INDIAN RIVER RD,5,0,4,0,71000,High,High,,
BLK INDIAN RIVER ROAD,2,0,2,0,71000,Medium,High,,
BLK KEMPSVILLE RD,1,1,0,0,39000,Low,High,,
BLK LASKIN RD,1,0,1,0,3000,Low,Low,,
BLK LASKIN RD.,1,0,1,1,3000,Low,Low,,
BLK LASKIN ROAD,1,0,0,1,3000,Low,Low,,
BLK LEVEL GREEN BLVD,1,1,0,1,1900,Low,Low,,
BLK LOCKE LN,1,0,0,0,1900,Low,Low,,
BLK LONDON BRIDGE RD,1,0,1,1,33000,Low,Medium,,
BLK LONDON BRIDGE ROAD,1,1,0,0,33000,Low,Medium,,
BLK LYNNHAVEN PKWY,2,0,0,0,46000,Medium,High,,
BLK MILL DAM RD,1,0,1,0,8500,Low,Low,,
BLK N . GREAT NECK RD,1,0,1,0,71000,Low,High,,
BLK N . OCEANA BLVD,1,1,0,1,30000,Low,Medium,,
BLK N BIRDNECK,1,1,0,0,3900,Low,Low,,
BLK N GREAT NECK RD,3,0,2,1,71000,Medium,High,,
BLK N GREAT NECK ROAD,1,1,0,1,71000,Low,High,,
BLK N NEWTOWN RD,1,1,0,1,39000,Low,High,,
BLK N.GREAT NECK RD,1,0,0,0,71000,Low,High,,
BLK NEW BRIDGE ROAD,1,0,1,0,2400,Low,Low,,
BLK NEWTOWN ROAD,1,1,0,1,39000,Low,High,,
BLK NIMMO PKWY,1,0,0,0,43000,Low,High,,
BLK NORTHAMPTON BLVD,1,0,0,0,73000,Low,High,,
BLK OCEANA BLVD,3,0,3,0,30000,Medium,Medium,,
BLK OF INDIAN RIVER ROAD,1,0,1,1,71000,Low,High,,
BLK OLD DONATION PKWY,1,1,0,0,6700,Low,Low,,
BLK PACIFIC AVENUE,1,1,0,1,17000,Low,Medium,,
BLK PINEY BARK DR,1,0,1,0,20000,Low,Medium,,
BLK PLEASANT VALLEY RD,1,0,0,0,4100,Low,Low,,
BLK PRINCESS ANNE,1,0,0,0,20000,Low,Medium,,
BLK PRINCESS ANNE RD,7,2,1,5,20000,High,Medium,,
BLK PRINCESS ANNE ROAD,3,1,2,2,20000,Medium,Medium,,
BLK S INDEPENDENCE,1,0,0,0,7900,Low,Low,,
BLK S INDEPENDENCE BLVD,2,1,1,1,7900,Medium,Low,,
BLK S MILITARY HIGHWAY,1,1,0,0,28000,Low,Medium,,
BLK S ROSEMONT,1,1,0,0,30000,Low,Medium,,
BLK S ROSEMONT ROAD,1,0,1,1,30000,Low,Medium,,
BLK S. INDEPENDENCE BLVD,1,0,1,0,7900,Low,Low,,
BLK SHORE DR,3,0,2,0,20000,Medium,Medium,,
BLK SHORE DRIVE,1,0,1,0,20000,Low,Medium,,
BLK UPTON DRIVE,1,1,0,1,20000,Low,Medium,36.7594965,-76.0064938
BLK VA.BEACH BLVD,1,1,0,1,30000,Low,Medium,36.7827858,-75.998983
BLK VIRGINIA BEACH BLVD,13,3,7,3,73000,High,High,,
BLK WELLSFORD DR,1,1,0,0,20000,Low,Medium,,
BLK WEST NECK RD,1,0,1,0,39000,Low,High,,
BLK. LYNNHAVEN PKWY,1,0,1,1,46000,Low,High,,
BLK. SHORE DR,1,0,0,0,20000,Low,Medium,,
BLOCK AUBURN DR,1,1,0,0,20000,Low,Medium,,
BLOCK AUTUMN HARVEST DRIVE,1,0,1,1,20000,Low,Medium,,
BLOCK CARRIAGE HILL RD,1,0,0,0,71000,Low,High,,
BLOCK DAHLIA DRIVE,1,0,1,1,6200,Low,Low,,
BLOCK DAM NECK ROAD,2,0,1,1,36000,Medium,Medium,,
BLOCK EDWIN DR,1,0,1,0,5000,Low,Low,,
BLOCK ELBOW ROAD,1,0,1,0,12000,Low,Low,,
BLOCK FERRELL PARKWAY,1,1,0,0,43000,Low,High,,
BLOCK FIRST  COLONIAL ROAD,1,0,0,0,36000,Low,Medium,,
BLOCK FIRST COLONIAL,1,0,0,0,36000,Low,Medium,,
BLOCK FIRST COLONIAL ROAD,1,1,0,0,36000,Low,Medium,,
BLOCK GREEN MEADOWS DR,1,1,0,0,4100,Low,Low,,
BLOCK HOLLAND ROAD,4,1,1,1,36000,Medium,Medium,,
BLOCK INDIAN RIVER ROAD,1,0,1,0,71000,Low,High,,
BLOCK KEMPSVILE RD,1,1,0,0,71000,Low,High,,
BLOCK KEMPSVILLE RD,1,0,0,0,71000,Low,High,,
BLOCK KEMPSVILLE ROAD,1,0,0,0,71000,Low,High,,
BLOCK LAND OF PROMISE ROAD,1,0,0,0,71000,Low,High,,
BLOCK LASKIN,1,0,1,0,3000,Low,Low,,
BLOCK LASKIN ROAD,2,1,1,1,3000,Medium,Low,,
BLOCK LONDOM BRIDGE RD,1,0,1,0,71000,Low,High,,
BLOCK LONDON BRIDGE RD,3,0,1,0,33000,Medium,Medium,,
BLOCK LONDON BRIDGE ROAD,2,0,1,1,33000,Medium,Medium,,
BLOCK LYNNHAVEN MALL LOOP,2,0,2,1,46000,Medium,High,,
BLOCK LYNNHAVEN PARKWAY,13,2,4,2,46000,High,High,,
BLOCK LYNNHAVEN PKWY,1,0,0,1,46000,Low,High,,
BLOCK MAGIC HOLLOW BLVD,1,0,1,0,1200,Low,Low,,
BLOCK MONET DRIVE,1,0,1,0,20000,Low,Medium,,
BLOCK N.BIRDNECK ROAD,1,1,0,1,3900,Low,Low,,
BLOCK NORTH GREAT NECK ROAD,2,0,2,1,71000,Medium,High,,
BLOCK OCEANA BLVD,2,0,1,1,30000,Medium,Medium,,
BLOCK OF BOLD RULER DRIVE,1,0,0,0,20000,Low,Medium,,
BLOCK OF BUCKNER BOULEVARD,2,0,2,0,73000,Medium,High,,
BLOCK OF GENERAL BOOTH BOULEVARD,1,1,0,0,46000,Low,High,,
BLOCK OF HARPERS ROAD,1,0,0,0,5100,Low,Low,,
BLOCK OF NIMMO PKWY,1,0,1,0,46000,Low,High,,
BLOCK OF OCEANA BLVD,1,1,0,1,30000,Low,Medium,,
BLOCK OF PRINCESS ANNE RD,1,0,1,1,20000,Low,Medium,,
BLOCK OF PRINCESS ANNE ROAD,4,1,2,1,20000,Medium,Medium,,
BLOCK OF S INDEPENDENCE BOULEVARD,1,0,1,0,73000,Low,High,,
BLOCK OF S LYNNHAVEN ROAD,1,0,1,0,71000,Low,High,,
BLOCK OF S ROSEMONT ROAD,1,0,0,0,30000,Low,Medium,,
BLOCK OF SABRE STREET,1,0,1,1,16000,Low,Low,,
BLOCK OF SEABOARD ROAD,1,0,1,0,71000,Low,High,,
BLOCK OF SHIPPS CORNER ROAD,2,0,1,0,7400,Medium,Low,,
BLOCK OF SOUTH ROSEMONT ROAD,1,0,0,1,30000,Low,Medium,,
BLOCK OF VIRGINIA BEACH BOULEVARD,1,1,0,0,73000,Low,High,,
BLOCK PACIFIC AVENUE,1,1,0,1,17000,Low,Medium,,
BLOCK PHOENIX DRIVE,2,0,2,0,20000,Medium,Medium,,
BLOCK PRINCESS ANNE RD,1,0,1,0,20000,Low,Medium,,
BLOCK PRINCESS ANNE ROAD,8,1,2,3,20000,High,Medium,,
BLOCK RED MILL BOULEVARD,1,0,1,0,30000,Low,Medium,,
BLOCK S PARLIAMENT DR,1,0,0,0,28000,Low,Medium,,
BLOCK S ROSEMONT RD,2,0,0,1,30000,Medium,Medium,,
BLOCK S ROSEMONT ROAD,1,1,0,0,30000,Low,Medium,,
BLOCK S. INDEPENDENCE BLVD,1,0,1,0,73000,Low,High,,
BLOCK S. PLAZA TRAIL,1,0,1,0,28000,Low,Medium,,
BLOCK SABRE STREET,1,0,0,0,16000,Low,Low,,
BLOCK SALEM ROAD,1,0,0,1,15000,Low,Low,,
BLOCK SANDBRIDGE RD,1,0,1,0,13000,Low,Low,,
BLOCK SHIPPS CORNER ROAD,1,0,1,0,7400,Low,Low,,
BLOCK SHORE DRIVE,2,0,0,1,20000,Medium,Medium,,
BLOCK SOUTH INDEPENDENCE BLVD,1,0,1,0,73000,Low,High,,
BLOCK SOUTH INDEPENDENCE BOULEVARD,2,0,2,1,73000,Medium,High,,
BLOCK SOUTH LYNNHAVEN ROAD,2,0,1,0,71000,Medium,High,,
BLOCK SOUTH PLAZA TRAI,1,0,1,0,11000,Low,Low,,
BLOCK SOUTH PLAZA TRAIL,1,0,1,0,11000,Low,Low,,
BLOCK SOUTH ROSEMONT RD,2,1,1,0,30000,Medium,Medium,,
BLOCK TOWER BRIDGE LOOP,1,0,0,0,33000,Low,Medium,,
BLOCK UPTON DR,1,0,1,0,20000,Low,Medium,36.7594965,-76.0064938
BLOCK UPTON DRIVE,1,0,1,0,20000,Low,Medium,36.7594965,-76.0064938
BLOCK VIRGINA BEACH BOULEVARD,1,0,0,0,73000,Low,High,,
BLOCK VIRGINIA BEACH BOULEVARD,1,0,1,0,73000,Low,High,,
BLOCK WINDSOR OAKS BOULEVARD,1,0,1,0,6000,Low,Low,,
BLUEBIRD DR,1,0,0,1,9400,Low,Low,36.8520097,-75.9976803
BOB FOELLER DRIVE,1,1,0,1,9400,Low,Low,,
BOLD RULER DR,4,1,1,0,20000,Medium,Medium,36.7783516,-75.9767706
BONNEY RD,39,5,15,5,12000,High,Low,36.8297,-76.0631
BONNEY ROAD,1,0,1,0,12000,Low,Low,,
BOW CREEK BL,6,1,3,1,5500,High,Low,36.8188308,-76.0892491
BOW CREEK BLVD,3,0,2,1,5500,Medium,Low,36.8188308,-76.0892491
BOWCREEK BL,1,0,0,0,30000,Low,Medium,,
BOXFORD RD,1,1,0,1,39000,Low,High,,
BOYD RD,1,0,0,1,22000,Low,Medium,36.8379855,-76.0924299
BRANDON BL,4,1,0,0,3500,Medium,Low,,
BRANDON BLVD,1,0,0,1,3500,Low,Low,,
BRANDYWINE DR,3,0,1,1,15000,Medium,Low,,
BRANNON DR,2,1,1,1,9500,Medium,Low,,
BRANTINGHAM DR,1,1,0,0,20000,Low,Medium,,
BRIDLE CREEK BL,1,0,1,1,30000,Low,Medium,,
BRIDLE CREEK BLV,1,1,0,1,5500,Low,Low,,
BROAD MEADOWS BL,2,1,0,0,30000,Medium,Medium,,
BROAD MEADOWS BLVD,1,0,0,0,30000,Low,Medium,,
BROAD ST,4,0,1,1,3000,Medium,Low,,
BUCKNER BL,2,1,1,0,51500,Medium,High,36.7898647,-76.0940474
BUCKNER BLVD,3,1,1,2,58667,Medium,High,36.7899567,-76.0926405
BUCKNER RD,2,1,1,0,55000,Medium,High,36.7907186,-76.0869645
BULLOCK TR,1,0,0,1,210,Low,Low,,
BURFORD AVE,1,0,0,0,5600,Low,Low,36.836611,-75.9976967
BYRD LN,1,0,0,0,1900,Low,Low,36.8420811,-76.0523861
CAMINO REAL SOUTH,1,0,0,1,4000,Low,Low,36.7475227,-75.9924905
CAMPUS DR,2,0,1,1,6700,Medium,Low,,
CARDINAL RD,1,0,1,0,2600,Low,Low,36.8599438,-76.0024904
CAREN DR,1,0,1,1,5000,Low,Low,,
CASANOVA DR,1,0,1,0,9400,Low,Low,36.7703855,-75.9948366
CAVALIER STADIUM DR,1,0,0,0,20000,Low,Medium,,
CELTIC DRIVE,1,0,1,1,6700,Low,Low,36.7874484,-76.0918061
CENTERVILLE TP,7,1,4,0,19000,High,Medium,,
CENTERVILLE TPK,1,0,1,1,19000,Low,Medium,,
CENTERVILLE TPKE,1,0,1,0,19000,Low,Medium,,
CENTERVILLE TRNP,3,0,1,0,19000,Medium,Medium,,
CENTERVILLE TRPK,1,0,1,0,19000,Low,Medium,,
CENTERVILLE TURNPIKE,1,1,0,0,19000,Low,Medium,,
CENTRAL DR,2,0,1,0,6700,Medium,Low,36.8158823,-76.0583005
CHAMBERINO DR,1,1,0,0,5000,Low,Low,36.757914,-75.9840363
CHANCELLOR DR,1,0,0,1,20000,Low,Medium,,
CHANDLER CREEK RD,1,0,0,0,39000,Low,High,36.7834064,-76.0867741
CHESTER ST,1,0,0,1,950,Low,Low,36.8343005,-76.0922926
CHESTERBROOK DR,1,0,0,0,20000,Low,Medium,,
CHESTERTON CT,1,0,1,0,8400,Low,Low,36.8015195,-76.080445
CHEYENNE RD,1,0,0,0,39000,Low,High,,
CHICKEN VALLEY RD,1,0,1,1,530,Low,Low,36.8479141,-76.045551
CHIMNEY CREEK DR,2,1,0,0,20000,Medium,Medium,,
CHIMNEY HILL PKWY,1,0,0,0,5200,Low,Low,,
CHIMNEY HILL PW,4,0,2,1,5200,Medium,Low,,
CITATION DR,1,0,1,0,9400,Low,Low,,
CLEVELAND ST,8,1,3,1,9600,High,Low,,
CLIFFONY DRIVE,1,1,0,1,9400,Low,Low,,
CLUB HOUSE RD,1,0,1,0,39000,Low,High,36.8234742,-76.0886342
CLUBHOUSE RD S,1,0,0,0,19000,Low,Medium,36.80159,-76.0772047
COLLEGE PARK,1,1,0,0,6000,Low,Low,,
COLLEGE PARK BL,3,1,0,1,6000,Medium,Low,,
COLUMBUS ST,16,6,6,4,15000,High,Low,,
CONCERT DR,6,1,2,1,9400,High,Low,36.7795573,-76.0963093
CONCERT DRIVE,1,0,1,0,9400,Low,Low,36.7795573,-76.0963093
CONSTITUTION DR,7,2,2,3,9600,High,Low,,
COPPERFIELD RD,1,0,0,0,19000,Low,Medium,,
CORPORATE LANDING PW,1,0,0,0,46000,Low,High,36.7845313,-76.0097276
COURT HOUSE DR,1,0,1,0,9400,Low,Low,,
CULVER LANE,1,0,1,0,1900,Low,Low,36.7709153,-75.9934575
CULVER LN,1,1,0,0,1900,Low,Low,36.7731491,-75.998991
CYPRESS AV,1,0,1,0,1600,Low,Low,36.8482114,-75.9841785
DAHLIA  DRIVE,1,0,1,1,6200,Low,Low,,
DAHLIA DR,5,0,2,0,6200,High,Low,,
DAHLIA DRIVE,2,0,1,0,6200,Medium,Low,,
DALEBROOKE CT,1,1,0,0,8400,Low,Low,,
DAM NECK,1,0,1,1,36000,Low,Medium,36.788611,-75.9644052
DAM NECK RD,76,5,27,9,36000,High,Medium,36.7838125,-75.964935
DAM NECK RD.,1,1,0,1,36000,Low,Medium,36.78567,-76.0170476
DAM NECK ROAD,7,2,5,3,36000,High,Medium,36.78567,-76.0170476
DAM NECK RRD,1,0,0,0,36000,Low,Medium,,
DAMN NECK,1,0,1,1,7200,Low,Low,,
DANIEL SMITH RD,1,0,0,0,39000,Low,High,,
DAYTONA DR,1,0,0,0,6700,Low,Low,36.8369378,-76.0868618
DECLARATION RD,2,1,0,2,39000,Medium,High,,
DIAMOND SPRING RD,2,0,1,0,30500,Medium,Medium,,
DIAMOND SPRING ROAD,1,1,0,0,22000,Low,Medium,,
DIAMOND SPRINGD RD,1,0,1,0,71000,Low,High,,
DIAMOND SPRINGS,1,0,1,1,22000,Low,Medium,,
DIAMOND SPRINGS RD,48,14,17,10,22000,High,Medium,36.8549,-76.0125
DIANA LEE DR,1,0,1,0,20000,Low,Medium,36.8099925,-76.0923487
DILLINGHAM RD,1,1,0,0,39000,Low,High,36.7445717,-76.0377087
DILLON DR,2,0,1,2,5000,Medium,Low,36.8315196,-76.0834611
DILLON DRIVE,1,0,1,0,5000,Low,Low,36.8315196,-76.0834611
DONNA DR,4,1,0,2,8450,Medium,Low,36.8477114,-76.0257892
DONNA RD,1,1,0,0,71000,Low,High,,
DONNINGTON DR,1,0,0,0,20000,Low,Medium,,
DORSET AV,1,0,0,0,3100,Low,Low,,
DOWNEY DR,1,0,0,0,5000,Low,Low,,
DRAKESMILE RD,2,0,0,1,18000,Medium,Medium,36.7878713,-76.0680106
DREW DR,3,1,2,1,2200,Medium,Low,,
DREXEL CIR,1,0,0,0,2000,Low,Low,,
DRISKILL CT,1,1,0,0,210,Low,Low,,
DUKE OF WINDSOR RD,1,0,1,0,71000,Low,High,,
DUPLIN ST,1,1,0,0,16000,Low,Low,,
E BAY SHORE DR,1,0,1,0,20000,Low,Medium,,
E BL,1,0,0,0,73000,Low,High,,
E PLANTATION RD,1,0,0,0,4500,Low,Low,36.8461018,-76.0447915
EAGLEWOOD DR,3,1,0,1,20000,Medium,Medium,36.7904733,-76.0035407
EAST MALL DRIVE,1,0,1,0,5000,Low,Low,36.8164161,-76.0675272
EASTPORT RD,1,1,0,0,39000,Low,High,,
EDINBURGH DR,4,0,2,2,2400,Medium,Low,36.84626,-76.0980495
EDISON RD,1,0,1,1,19000,Low,Medium,36.7789042,-76.0016512
EDWIN DR,6,1,2,2,5000,High,Low,,
ELBOW RD,32,8,14,14,12000,High,Low,,
ELBOW ROAD,1,1,0,0,12000,Low,Low,,
ELSON GREEN AV,2,0,1,0,2600,Medium,Low,36.7544426,-76.0140127
ELSON GREEN AVE,4,0,2,1,11300,Medium,Low,36.7534387,-75.9992112
ENTERPRISE BL,1,0,1,0,30000,Low,Medium,,
ESPLANADE DR,1,0,1,0,20000,Low,Medium,36.740125,-76.0425734
ESTATES DR,1,0,0,0,9600,Low,Low,36.8973733,-76.076264
EUCLID DR,1,0,0,0,6700,Low,Low,,
EUCLID RD,10,2,3,2,4100,High,Low,,
EUCLID ROAD,1,1,0,0,4100,Low,Low,,
EWELL RD,1,0,0,0,1400,Low,Low,,
FAIRFIELD BL,1,1,0,0,30000,Low,Medium,,
FENTON ST,1,0,0,0,16000,Low,Low,,
FERRELL PARKWAY,1,0,0,0,43000,Low,High,,
FERRELL PARWAY,1,0,0,0,43000,Low,High,,
FERRELL PKWY,3,1,1,1,43000,Medium,High,,
FERRELL PW,45,16,13,14,43000,High,High,36.7443,-76.0682
FERRELL PWY,1,0,0,0,43000,Low,High,,
FERRY PLANATION RD,1,0,0,0,4500,Low,Low,,
FERRY PLANTATION RD,3,0,2,1,4500,Medium,Low,,
FIRST COLONIA RD,1,0,0,1,36000,Low,Medium,,
FIRST COLONIAL,1,0,0,0,36000,Low,Medium,36.8730024,-76.0286502
FIRST COLONIAL RD,84,4,30,13,36000,High,Medium,36.8739603,-76.0381837
FIRST COLONIAL ROAD,6,1,2,1,36000,High,Medium,36.8740676,-76.0380732
FIRST COLONIL RD,1,0,0,0,36000,Low,Medium,,
FIRST COLONOAL RD,1,0,1,0,39000,Low,High,,
FIRST COONIAL RD,1,1,0,0,36000,Low,Medium,,
FIRST COURT RD,6,0,2,0,8400,High,Low,,
FIRST COURT ROAD,1,1,0,1,8400,Low,Low,,
FIRST CT RD,2,0,2,0,8400,Medium,Low,,
FIRST ST,1,0,0,0,36000,Low,Medium,,
FIVE FORKS RD,1,0,0,1,1200,Low,Low,,
FLORAL ST,1,1,0,1,280,Low,Low,,
FORDHAM DR,4,1,0,0,9400,Medium,Low,,
FORESTWOOD DR,1,0,0,0,20000,Low,Medium,,
FOXWOOD DR,1,0,0,0,1100,Low,Low,,
GALVANI DR,1,1,0,1,9400,Low,Low,36.7812535,-75.9863397
GENERAL BOOTH,1,1,0,1,46000,Low,High,36.8236425,-75.9779043
GENERAL BOOTH BL,42,8,13,10,46000,High,High,36.8236425,-75.9779043
GENERAL BOOTH BLVD,20,3,8,6,46000,High,High,36.8236425,-75.9779043
GENERAL BOOTH BLVD.,1,0,1,0,46000,Low,High,36.8199553,-75.9834964
GENERAL BOOTH BOULEVARD,2,1,0,1,46000,Medium,High,36.8199553,-75.9834964
GENERAL ST,1,0,1,0,16000,Low,Low,,
GEORGE MASON DR,1,0,0,0,9400,Low,Low,36.7502955,-76.0592434
GLEN ARDEN RD,1,1,0,0,39000,Low,High,,
GLEN WILLOW CT,1,1,0,0,8400,Low,Low,,
GLENVILLE CIR,1,1,0,0,1500,Low,Low,,
GOOD HOPE ROAD,1,0,0,0,39000,Low,High,36.8192039,-76.0953839
GRAT NECK RD N,1,0,1,1,19000,Low,Medium,,
GRAVENHURST DR,3,1,1,2,20000,Medium,Medium,,
GRAYSON DR,1,0,0,0,6700,Low,Low,,
GRAYSON RD,3,1,2,1,19000,Medium,Medium,,
GREAT NEACK RD N,1,0,0,0,39000,Low,High,,
GREAT NECK,1,0,1,0,7200,Low,Low,36.9019045,-76.0854262
GREAT NECK N,1,0,1,0,36000,Low,Medium,36.897505,-76.0591903
GREAT NECK RD,2,0,1,0,39000,Medium,High,36.8692377,-76.0421043
GREAT NECK RD N,77,3,25,14,39000,High,High,36.8649215,-76.0449941
GREAT NECK RD W,5,1,1,2,39000,High,High,36.8850963,-76.04816
GREAT NECK ROAD N,2,1,0,1,39000,Medium,High,36.8850963,-76.04816
GREATNECK RD N,2,0,1,1,29000,Medium,Medium,,
GREEN GARDEN CIR,2,0,1,1,2000,Medium,Low,36.7978286,-76.0922844
GREEN LAW DR,1,0,1,0,5000,Low,Low,,
GREEN MEADOWS,2,0,1,0,4100,Medium,Low,,
GREENLAW DR,1,0,0,1,9400,Low,Low,,
GREENWELL RD,2,0,2,0,1600,Medium,Low,,
GREENWICH RD,6,1,5,1,1600,High,Low,,
GRTEAT NECK RD N,1,1,0,1,39000,Low,High,,
GUM BRIDGE RD,1,0,1,0,39000,Low,High,36.6738169,-76.0041131
HALEY DR,1,0,0,1,9600,Low,Low,36.8127271,-76.0929489
HALIFAX DR,2,1,0,1,9400,Medium,Low,,
HAMLET RD,1,0,0,0,71000,Low,High,,
HAMPSHIRE LN,2,0,2,1,1900,Medium,Low,,
HANOVER DR,1,0,0,0,6700,Low,Low,,
HARPERS RD,9,0,4,1,5100,High,Low,36.7824955,-76.0417465
HARPERS ROAD,3,1,2,1,5100,Medium,Low,36.7824955,-76.0417465
HARRIS RD,1,1,0,1,15000,Low,Low,36.8764378,-76.0859236
HASTINGS AR W,1,1,0,1,7200,Low,Low,,
HAYES AVE,1,0,1,0,80,Low,Low,,
HAYGOOD RD,7,1,4,2,15000,High,Low,,
HEAD RIVER RD,2,0,0,1,690,Medium,Low,,
HEDGEROW DR,1,1,0,1,9400,Low,Low,,
HEFFINGTON DR,1,0,0,1,20000,Low,Medium,36.7256747,-76.0999718
HILBER ST,1,1,0,1,3300,Low,Low,36.8372598,-76.0934587
HILBER STREET,1,0,1,0,16000,Low,Low,36.8372598,-76.0934587
HOLLADAY LA,1,1,0,0,1600,Low,Low,,
HOLLAN RD,2,0,0,0,19000,Medium,Medium,,
HOLLAN ROAD,1,0,0,0,19000,Low,Medium,,
HOLLAND PLAZA SC,1,0,1,0,36000,Low,Medium,,
HOLLAND RD,119,19,51,26,36000,High,Medium,36.7876169,-76.07956
HOLLAND ROAD,14,5,8,4,36000,High,Medium,36.8061469,-76.0906309
HOLLAND ROAN,1,0,1,0,36000,Low,Medium,,
HOLLANDRD,1,0,0,1,36000,Low,Medium,,
HOLLY RD,1,0,1,1,6900,Low,Low,36.8725299,-75.9852492
HONEYGROVE RD,3,0,2,0,1000,Medium,Low,,
HOSPITAL DR,1,1,0,0,9400,Low,Low,36.8312521,-76.0809105
HOSPITAL DRIVE,1,1,0,0,9400,Low,Low,36.8312521,-76.0809105
HUNGARIAN RD,4,0,2,0,39000,Medium,High,,
HUNGARIAN ROAD,1,0,1,0,39000,Low,High,,
HUNTS POINTE DR,1,1,0,1,20000,Low,Medium,,
HUTTON CIR,1,1,0,0,2000,Low,Low,,
I-264 E,1,0,0,0,150,Low,Low,,
INDENPENDENC BLVD S,1,0,0,1,30000,Low,Medium,,
INDEPDENDENCE S BLVD,1,0,0,0,30000,Low,Medium,,
INDEPEDENCE BL,1,0,1,0,30000,Low,Medium,,
INDEPENCE BLVD,1,0,0,0,30000,Low,Medium,,
INDEPENDECE BLVD S,1,0,0,0,30000,Low,Medium,,
INDEPENDENC BL,1,0,0,1,73000,Low,High,,
INDEPENDENC BL S,1,0,0,1,7900,Low,Low,,
INDEPENDENCE,14,2,9,5,73000,High,High,,
INDEPENDENCE  BL,1,0,0,1,73000,Low,High,,
INDEPENDENCE BL,115,7,49,22,73000,High,High,36.8406,-76.0743
INDEPENDENCE BL S,92,15,31,16,64509,High,High,36.8202,-76.0735
INDEPENDENCE BLV S,4,0,1,0,24175,Medium,Medium,,
INDEPENDENCE BLVD,23,4,10,7,73000,High,High,,
INDEPENDENCE BLVD S,18,4,5,3,62150,High,High,,
INDEPENDENCE RD S,1,0,0,0,7900,Low,Low,,
INDEPENDENCE S,2,0,0,1,7900,Medium,Low,,
INDEPENDENCE S BL,2,0,1,0,73000,Medium,High,,
INDEPENDENCE S BLVD,3,0,2,0,73000,Medium,High,,
INDIAN CREEK RD,2,1,1,1,450,Medium,Low,,
INDIAN LAKE BL,1,0,0,0,12000,Low,Low,,
INDIAN LAKES,1,0,0,0,12000,Low,Low,,
INDIAN LAKES BL,9,1,5,2,12000,High,Low,,
INDIAN LAKES BLVD,1,0,1,0,12000,Low,Low,,
INDIAN RIIVER RD,1,1,0,1,39000,Low,High,,
INDIAN RIVE RD,1,0,1,0,39000,Low,High,,
INDIAN RIVER,2,0,2,1,71000,Medium,High,,
INDIAN RIVER D,1,0,0,0,71000,Low,High,,
INDIAN RIVER RD,170,26,80,52,71000,High,High,36.752,-76.0345
INDIAN RIVER ROAD,11,5,3,6,71000,High,High,,
INDY S BL,1,0,1,0,19000,Low,Medium,,
INPENDENCE BLVD,1,0,1,0,30000,Low,Medium,,
INTERNATIONAL PARKWAY,1,0,1,0,8800,Low,Low,36.8098374,-76.0565693
INTERNATIONAL PKWY,1,0,1,0,8800,Low,Low,36.8083494,-76.0547735
INTERNATIONAL PW,4,0,2,1,8800,Medium,Low,36.8083494,-76.0547735
INVERNESS RD,1,1,0,1,1100,Low,Low,,
IRONWOOD DR,1,0,1,0,9400,Low,Low,,
ITCHDUCK RD N,1,0,0,0,39000,Low,High,,
IVERNESS RD,1,0,1,0,39000,Low,High,,
JACK FROST RD,1,0,1,0,1700,Low,Low,,
JAKE SEARS RD,1,0,0,1,2600,Low,Low,,
JARVIS RD,1,0,0,0,19000,Low,Medium,36.6846475,-76.0302821
JEANNE ST,7,1,3,1,11000,High,Low,,
JEFFERSON AVE,1,1,0,0,17000,Low,Medium,36.8150273,-75.9805322
JERICHO RD,2,1,1,1,3200,Medium,Low,,
KELLAM RD,12,1,9,2,3500,High,Low,,
KEMPS RIVER RD,1,0,0,0,39000,Low,High,,
KEMPSRIVER DR,5,0,2,2,17000,High,Medium,,
KEMPSVILLE GREENS PW,1,0,0,1,46000,Low,High,,
KEMPSVILLE RD,93,18,31,23,34355,High,Medium,36.8386,-76.0466
KEMPSVILLE ROAD,4,0,2,0,39000,Medium,High,,
KEMPVILLE RD,1,0,0,0,39000,Low,High,,
KEMSPVILLE RD,1,0,1,0,39000,Low,High,,
KENLEY RD,1,0,1,1,1900,Low,Low,,
KENNETH RD,1,0,0,0,19000,Low,Medium,,
KENTUCKY AV S,1,0,1,0,11000,Low,Low,,
KING RICHARD DR,1,0,1,1,20000,Low,Medium,36.8463972,-76.0889868
KINGS ARMS DR,1,0,1,0,1100,Low,Low,36.8104714,-76.0788166
KINGS ARMS DRIVE,2,1,1,0,1100,Medium,Low,36.8104714,-76.0788166
KINGS GRANT,1,1,0,1,4900,Low,Low,36.8557037,-76.0835445
KINGS GRANT RD,1,0,1,0,4900,Low,Low,36.8595424,-76.0882262
KINGSFIELD DR,1,0,1,0,20000,Low,Medium,36.733636,-76.0536125
LAKE CHRISTOPHER DR,2,0,0,0,20000,Medium,Medium,,
LAKE EDWARD,1,0,1,0,120,Low,Low,,
LAKE EDWARD DR,6,2,2,3,20000,High,Medium,,
LAKE EDWARDS DR,1,0,1,0,20000,Low,Medium,,
LAND OF PROMISE RD,2,0,0,0,71000,Medium,High,,
LANDSTOWN RD,7,0,2,2,36571,High,High,36.7601026,-76.0941266
LANDSTOWN ROAD,2,0,0,1,30500,Medium,Medium,36.7601026,-76.0941266
LAS CRUCES DR,1,0,0,0,5000,Low,Low,36.7717962,-76.0081602
LASKIN  RD,1,1,0,0,3000,Low,Low,36.8572051,-75.9896376
LASKIN RD,55,8,17,10,3000,High,Low,36.8580895,-75.9854267
LASKIN ROAD,8,2,4,5,3000,High,Low,36.8511952,-76.0182839
LASKING RD,1,0,1,0,39000,Low,High,,
LEDURA RD,1,0,1,0,71000,Low,High,,
LEE HIGHLANDS BL,3,1,0,0,2400,Medium,Low,36.8215341,-76.0802504
LEESBURG DR,1,1,0,0,9400,Low,Low,,
LEROY DR,1,1,0,0,5000,Low,Low,36.7485592,-76.0372122
LEVEL GREEN BL,3,2,1,1,1900,Medium,Low,,
LEVEL GREEN BLVD,5,2,0,1,1900,High,Low,,
LILA LN,1,0,0,0,1900,Low,Low,,
LINEBERRY ROAD,1,1,0,1,39000,Low,High,36.8281241,-76.0858143
LITLE NECK RD,1,0,0,0,39000,Low,High,,
LITTLE NECK RD,17,0,5,4,16000,High,Low,36.8585939,-76.0869572
LITTLE NECK RD W,1,0,0,1,16000,Low,Low,36.8417429,-76.0909633
LONDON BRIDGE RD,66,2,28,9,33000,High,Medium,36.7817907,-76.0470248
LONDON BRIDGE ROAD,4,1,2,0,33000,Medium,Medium,36.7817907,-76.0470248
LONMDON BRIDGE RD,1,0,1,0,39000,Low,High,,
LOOKOUT RD,2,1,0,0,1300,Medium,Low,,
LORD DUNMORE DR,2,1,1,1,14700,Medium,Low,,
LUNNHAVEN PKWY,1,0,0,0,43000,Low,High,,
LYNDORA DR,1,0,0,0,9400,Low,Low,,
LYNNAHVEN PW,1,0,0,0,43000,Low,High,,
LYNNHAVE PKWY,1,0,1,0,43000,Low,High,,
LYNNHAVEAN PARKEWAY,1,0,1,1,46000,Low,High,,
LYNNHAVEN,1,0,0,0,46000,Low,High,36.8376485,-76.0685439
LYNNHAVEN DR,4,3,1,3,16250,Medium,Low,36.9063628,-76.0848172
LYNNHAVEN MALL LO,3,0,1,2,46000,Medium,High,36.8166556,-76.0710404
LYNNHAVEN MALL LOOP,4,2,0,3,46000,Medium,High,36.8172443,-76.0740558
LYNNHAVEN MALL LP,1,0,1,0,46000,Low,High,36.8172443,-76.0740558
LYNNHAVEN N,1,0,0,0,9200,Low,Low,36.8201682,-76.0725549
LYNNHAVEN N  RD,1,0,1,0,9200,Low,Low,36.8414317,-76.0698401
LYNNHAVEN OW,1,0,0,1,46000,Low,High,,
LYNNHAVEN PARKWA,1,0,1,0,46000,Low,High,,
LYNNHAVEN PARKWAY,15,2,8,1,46000,High,High,,
LYNNHAVEN PKWAY,1,0,1,0,46000,Low,High,,
LYNNHAVEN PKWY,24,3,11,6,46000,High,High,,
LYNNHAVEN PW,164,24,56,42,46000,High,High,36.8305,-76.0895
LYNNHAVEN PWKY,1,0,0,0,46000,Low,High,,
LYNNHAVEN PWY,1,0,0,0,46000,Low,High,,
LYNNHAVEN RD,1,0,1,0,14000,Low,Low,36.8328202,-76.0718687
LYNNHAVEN RD N,5,1,1,1,9200,High,Low,36.8296503,-76.0763851
LYNNHAVEN RD S,15,2,7,4,14000,High,Low,36.8328202,-76.0718687
LYNNHAVERN PW,1,0,0,0,46000,Low,High,,
LYNNHAVNEN PW,1,0,0,1,43000,Low,High,,
MAGIC HOLLOW BL,2,0,0,1,1200,Medium,Low,36.805,-76.0716667
MALIBU DRIVE,1,0,0,1,1000,Low,Low,36.845077,-76.0957493
MANOR DR,2,0,1,0,5000,Medium,Low,,
MAPLE ST,1,0,0,0,16000,Low,Low,36.9106696,-76.0631356
MARVIN RD,1,1,0,1,19000,Low,Medium,,
MARYLAND AV,1,1,0,0,140,Low,Low,36.835712,-75.9811857
MEDITERRANEAN AVE,1,0,0,0,17000,Low,Medium,36.8348767,-75.9786054
MEREDITH RD,1,0,0,1,260,Low,Low,,
MICHAEL LA BOUVE DRIVE,1,0,0,0,20000,Low,Medium,36.7869994,-76.097161
MILITARY HW S,7,4,0,2,11000,High,Low,,
MILITARY HWY S,1,0,1,0,11000,Low,Low,,
MILITARY HY S,3,1,0,2,11000,Medium,Low,,
MILL DAM RD,5,0,0,0,8500,High,Low,36.8688672,-76.0321861
MILL LANDING RD,1,1,0,0,1000,Low,Low,,
MILLER STORE RD,2,0,2,0,39000,Medium,High,,
MINEOLA DR,1,0,1,0,9400,Low,Low,,
MINUTE MEN RD,1,0,0,0,39000,Low,High,,
MONET DR,2,0,2,0,5000,Medium,Low,36.7776898,-76.077986
MONTOUR CT,1,0,1,0,210,Low,Low,36.7770287,-76.0819678
MONUMENT DR,1,0,0,0,9400,Low,Low,,
MUDDY CREEK RD,4,0,0,1,260,Medium,Low,36.691289,-75.9804827
MUDDY CREEK RD N,2,0,2,1,210,Medium,Low,36.6794073,-75.9839843
MUDDY CREEK ROAD,1,0,0,0,260,Low,Low,36.691289,-75.9804827
N . BIRDNECK RD,1,0,0,0,3900,Low,Low,36.8383774,-75.9985844
N BIRDNECK RD,6,1,1,1,3900,High,Low,36.8394788,-75.9978496
N GREAT GREAT RD,1,0,1,0,39000,Low,High,36.8692377,-76.0421043
N GREAT NECK,2,0,2,0,36000,Medium,Medium,36.8818145,-76.0499323
N GREAT NECK RD,17,2,9,5,39000,High,High,36.8850963,-76.04816
N GREAT NECK ROAD,2,2,0,1,39000,Medium,High,36.8850963,-76.04816
N LYNNHAVEN RD,1,1,0,0,9200,Low,Low,36.8414317,-76.0698401
N MUDDY CREEK RD,1,1,0,0,210,Low,Low,36.7118855,-75.9988294
N ROSEMONT,1,0,1,0,30000,Low,Medium,36.8400806,-76.0976689
N WESTMALL DR,1,0,1,0,20000,Low,Medium,,
N WITCHDUCK RD,1,0,1,0,5100,Low,Low,,
N. GREAT NECK RD,1,0,1,0,39000,Low,High,36.8692377,-76.0421043
N. WITCHDUCK ROAD,1,1,0,0,5100,Low,Low,,
ND ST,2,0,0,2,9600,Medium,Low,,
NESBITT DR,1,0,1,0,9600,Low,Low,,
NEVAN RD,1,0,1,0,71000,Low,High,36.8495413,-76.0201226
NEW BRIDGE RD,5,2,2,2,2400,High,Low,36.7244692,-75.992286
NEWTON RD,1,0,0,0,15000,Low,Low,,
NEWTOWN RD,43,8,12,12,39000,High,High,36.8876,-76.0094
NEWTOWN RD N,1,0,0,1,39000,Low,High,,
NEWTOWN RD S,4,2,0,1,39000,Medium,High,,
NEWTOWN ROAD,2,1,1,0,39000,Medium,High,,
NIMMO PARKWAY,1,0,1,0,46000,Low,High,36.7573796,-75.995436
NIMMO PKWY,1,0,1,0,46000,Low,High,36.7552874,-75.9896199
NIMMO PW,7,0,4,1,41429,High,High,36.763484,-76.0196609
NORFOLK AV,7,1,3,5,11000,High,Low,36.8377363,-75.9842491
NORFOLK AVE,5,0,2,2,11000,High,Low,36.8379525,-75.9948191
NORTH BIRDNECK RD,1,0,0,1,3900,Low,Low,36.8383774,-75.9985844
NORTH BIRDNECK ROAD,2,1,0,1,3900,Medium,Low,36.8394788,-75.9978496
NORTH GREAT NECK RD,1,0,1,0,71000,Low,High,36.8850963,-76.04816
NORTH LANDING,1,0,0,0,3300,Low,Low,,
NORTH LANDING RD,19,3,9,3,39000,High,High,36.7452947,-76.0693581
NORTH LANDING ROAD,1,0,0,0,39000,Low,High,36.7452947,-76.0693581
NORTH MALL DR,1,0,0,1,20000,Low,Medium,36.8205471,-76.0688951
NORTH MUDDY CREEK ROAD,1,1,0,0,260,Low,Low,36.7118855,-75.9988294
NORTHAMPTN BL,1,0,1,0,30000,Low,Medium,,
NORTHAMPTON BL,79,13,29,21,30000,High,Medium,36.8895,-76.0408
NORTHAMPTON BLVD,8,1,1,2,30000,High,Medium,,
NORTHAMTPON BL,2,0,0,0,30000,Medium,Medium,,
NORTHWOOD DR,2,0,1,0,7200,Medium,Low,36.8071528,-76.0982092
OCEANA BL,24,4,9,5,30000,High,Medium,36.8420929,-76.0129864
OCEANA BLVD,8,1,6,3,30000,High,Medium,36.8388782,-76.0191514
OCEANA BOULEVARD,3,1,2,1,30000,Medium,Medium,36.8387219,-76.018681
OLD CLUBHOUSE RD,1,0,1,1,39000,Low,High,36.80159,-76.0772047
OLD CULTER RD,1,0,0,0,15000,Low,Low,,
OLD DAM NECK RD,4,0,2,0,36000,Medium,Medium,36.7811686,-75.9920401
OLD DAMN NECK RD,1,1,0,0,39000,Low,High,,
OLD DONATION PARKWAY,2,0,2,0,6700,Medium,Low,36.8640414,-76.0449107
OLD DONATION PKWY,1,0,1,0,6700,Low,Low,36.8636823,-76.042281
OLD DONATION PW,2,1,0,1,6700,Medium,Low,36.8636823,-76.042281
OLD FORGE ROAD,1,0,1,0,1200,Low,Low,,
OLD GREAT NECK RD,3,1,1,2,39000,Medium,High,36.8497679,-76.048713
OLD PROVIDENCE RD,2,1,0,1,400,Medium,Low,,
OLD PUNGO FERRY RD,2,1,0,0,4100,Medium,Low,,
OLD VIRGINIA BEACH RD,1,0,1,1,71000,Low,High,36.8486623,-75.9882526
OLD VIRGINIA RD,1,1,0,0,39000,Low,High,36.8492523,-75.9875799
OLIVE RD,1,0,1,0,15000,Low,Low,,
OPEN GREENS DR,1,0,1,0,20000,Low,Medium,,
ORILLA RD,1,1,0,0,19000,Low,Medium,,
OSPREY ST,1,0,0,0,16000,Low,Low,,
OXFORD DR,1,0,1,0,5000,Low,Low,36.8581263,-76.0912674
PACIFIC AV,9,0,5,3,17000,High,Medium,36.8406588,-75.9742938
PACIFIC AVE,9,2,1,4,17000,High,Medium,36.8642109,-75.9806129
PACIFIC AVENUE,2,1,0,1,17000,Medium,Medium,36.8329987,-75.9720988
PAGE AVE,1,0,1,0,7200,Low,Low,36.9096521,-76.0844144
PARKS AVE,2,0,0,0,80,Medium,Low,36.8409192,-75.9841524
PARLIAMENT DR,1,0,1,0,3300,Low,Low,,
PARLIMENT DR,1,0,0,0,20000,Low,Medium,,
PARLIMENT DR S,1,1,0,0,20000,Low,Medium,,
PAVILION DR,2,1,1,1,9400,Medium,Low,36.845837,-75.9930453
PEMBROKE BL,5,0,3,0,3800,High,Low,,
PEMBROKE BLVD,1,0,0,0,3800,Low,Low,,
PERIDOT DR,1,0,0,1,9600,Low,Low,,
PHOENIX DR,1,0,0,1,9600,Low,Low,,
PICASSO DRIVE,1,1,0,0,9400,Low,Low,,
PINEWOOD RD,1,0,0,0,39000,Low,High,36.8625831,-75.9916701
PLAZA  TRL,1,0,0,0,11000,Low,Low,36.8414122,-76.0910535
PLAZA N TRL,1,0,0,0,11000,Low,Low,36.8414122,-76.0910535
PLAZA TL S,1,0,1,0,11000,Low,Low,,
PLAZA TR S,2,0,1,1,5605,Medium,Low,,
PLAZA TRL N,1,0,0,1,11000,Low,Low,,
PLAZA TRL S,8,1,3,0,11000,High,Low,,
PLEASANT ACRES DR,1,1,0,1,20000,Low,Medium,36.7685989,-76.0636127
PLEASANT RIDGE RD,1,0,1,1,39000,Low,High,36.690577,-76.0120626
PLEASANT VALLEY,1,1,0,0,4100,Low,Low,,
PLEASANT VALLEY RD,11,4,3,4,4100,High,Low,,
PLEASURE HOUSE RD,17,3,9,9,16000,High,Low,,
POTTERS RD,2,0,1,0,5600,Medium,Low,36.8359312,-76.0568699
POTTERS ROAD,1,0,1,0,5600,Low,Low,36.8359312,-76.0568699
PRESIDENTAL BLVD,1,0,1,0,30000,Low,Medium,,
PRINCES ANNE RD,1,0,1,1,39000,Low,High,,
PRINCESS ANN RD,1,0,0,0,39000,Low,High,,
PRINCESS ANN ROAD,1,1,0,0,39000,Low,High,,
PRINCESS ANNE,1,1,0,0,20000,Low,Medium,36.7515388,-76.0529875
PRINCESS ANNE RD,198,39,74,34,20000,High,Medium,36.7875,-76.0568
PRINCESS ANNE ROAD,15,8,3,5,20000,High,Medium,,
PRINDESS ANNE RD,1,0,0,0,39000,Low,High,,
PROSPERITY RD,3,1,1,1,31000,Medium,Medium,36.80268,-75.985615
PROSPERITY ROAD,1,1,0,1,15000,Low,Low,36.80268,-75.985615
PROVIDENCE RD,29,4,3,8,17000,High,Medium,,
PROVIDENCE ROAD,3,1,1,1,17000,Medium,Medium,,
PUNGO FERRY RD,1,1,0,0,4100,Low,Low,,
QUEENSBURY DR,1,0,1,0,5000,Low,Low,36.8572707,-76.0821829
RACHEL ST,1,0,1,0,16000,Low,Low,,
RAINBOW DR,1,0,1,0,9600,Low,Low,,
REAGAN AV,2,1,1,0,2000,Medium,Low,36.8495078,-76.0556533
RED MAPLE LANE,1,0,1,0,1900,Low,Low,36.8326963,-76.0801154
REGENCY DR,4,1,0,2,9400,Medium,Low,36.8485142,-76.0330564
REON DR,4,0,1,0,11600,Medium,Low,,
REPUBLIC RD,3,2,1,2,36000,Medium,Medium,36.8514485,-76.0268241
REVERE DR,1,0,0,0,6700,Low,Low,,
REYNARD DR,1,0,0,0,9400,Low,Low,36.8494783,-76.0111848
RICHARD RD,1,1,0,0,39000,Low,High,,
RIVERBEND RD,2,0,2,2,2200,Medium,Low,36.8046524,-76.0848385
ROCK LAKE LO,1,0,1,0,120,Low,Low,,
ROCK LAKE LOOP,1,0,1,1,120,Low,Low,,
ROCK LAKE LP,2,0,1,0,120,Medium,Low,,
ROEBLING LN,1,1,0,1,1900,Low,Low,,
ROSEMONE RD S,1,0,0,0,15000,Low,Low,,
ROSEMONT RD,6,0,2,1,30000,High,Medium,36.8349784,-76.0956324
ROSEMONT RD N,9,2,1,2,30000,High,Medium,36.8397594,-76.0975259
ROSEMONT RD S,79,8,36,11,30000,High,Medium,36.8401452,-76.0978384
ROSSINI DR,1,1,0,1,9400,Low,Low,36.772873,-76.0044417
ROUND HILL DR,5,1,1,1,17000,High,Medium,,
ROUNDHILL DR,2,0,0,1,20000,Medium,Medium,,
RUGBY RD,1,0,1,0,15000,Low,Low,,
S BOGGS,1,0,1,1,7900,Low,Low,,
S CLUBHOUSE RD,1,0,0,0,39000,Low,High,36.7425429,-75.9827364
S INDEPENCE BLVD,1,1,0,0,30000,Low,Medium,,
S INDEPENDENCE,2,0,1,1,7900,Medium,Low,,
S INDEPENDENCE BL,5,2,3,2,73000,High,High,,
S INDEPENDENCE BLVD,5,2,0,3,73000,High,High,,
S INDY BLVD,1,1,0,1,30000,Low,Medium,,
S MILITARY HIGHWAY,1,0,0,1,11000,Low,Low,,
S MILITARY HWY,2,0,0,0,11000,Medium,Low,,
S PLAZA TRAIL,3,0,2,1,11000,Medium,Low,36.8364939,-76.0891796
S PLAZA TRL,5,0,0,2,11000,High,Low,36.8364939,-76.0891796
S ROSEMONT RD,6,1,3,0,30000,High,Medium,36.8091449,-76.0993775
S ROSEMONT ROAD,1,1,0,0,30000,Low,Medium,36.8091449,-76.0993775
S WITCHDUCK RD,1,1,0,0,5100,Low,Low,,
S. INDEPENDENCE,2,1,0,1,7900,Medium,Low,,
S. INDEPENDENCE BLVD,6,0,3,1,73000,High,High,,
S. INDEPENDENCE BOULEVARD,2,0,2,0,73000,Medium,High,,
S. ROSEMONT,1,0,1,1,7900,Low,Low,36.7954487,-76.0987162
S. ROSEMONT RD,3,1,2,1,30000,Medium,Medium,36.8091449,-76.0993775
S. ROSEMONT ROAD,3,1,1,0,30000,Medium,Medium,,
S. WITCHDUCK RD,1,0,1,0,5100,Low,Low,,
SABRE ST,8,0,3,2,12800,High,Low,36.8224319,-76.0729634
SALEM LAKES BL,2,1,1,0,30000,Medium,Medium,,
SALEM RD,28,5,9,6,15000,High,Low,,
SALEM ROAD,2,0,2,0,15000,Medium,Low,,
SANDBRIDGE RD,15,1,8,2,13000,High,Low,36.7335253,-75.9891307
SANDBRIDGE ROAD,3,1,1,1,13000,Medium,Low,36.7335253,-75.9891307
SANDFIDDLER RD,2,0,0,1,560,Medium,Low,36.7540599,-75.9475071
SANDFIDDLER ROAD,1,1,0,0,560,Low,Low,36.7540599,-75.9475071
SANDPIPER RD,5,2,2,3,5400,High,Low,36.7170826,-75.9345395
SCARLET OAK DR,2,0,1,1,13350,Medium,Low,36.8328473,-76.075597
SEABOARD RD,6,2,3,1,39000,High,High,36.7584532,-76.0330054
SEABOARD ROAD,1,0,1,0,39000,Low,High,36.7584532,-76.0330054
SEDLEY RD,1,1,0,1,15000,Low,Low,,
SELWOOD DR,1,0,1,0,9400,Low,Low,,
SHELL RD,4,1,2,0,700,Medium,Low,,
SHELTON RD,1,0,0,0,71000,Low,High,,
SHIPPS CORNER,1,0,0,1,7400,Low,Low,36.7920934,-76.079933
SHIPPS CORNER RD,2,1,0,0,7400,Medium,Low,36.7936888,-76.0753337
SHOE DR,1,0,1,0,5000,Low,Low,,
SHOOTING STAR DR,1,1,0,0,20000,Low,Medium,,
SHORE  DR,1,0,0,0,5000,Low,Low,,
SHORE DR,116,12,44,23,6110,High,Low,36.8999,-76.0237
SHORE DRIVE,3,2,1,1,8067,Medium,Low,,
SHORE RD,1,0,1,0,15000,Low,Low,,
SHOREHAVEN DR,3,0,0,0,20000,Medium,Medium,36.8815894,-76.0576239
SIGNATURE DR,2,0,1,1,12500,Medium,Low,36.7357328,-76.0575485
SILINA DR,10,2,6,3,6700,High,Low,36.8276197,-76.0874034
SILINA DRIVE,1,1,0,0,6700,Low,Low,36.8278797,-76.0788222
SIR BARTON DR,1,1,0,1,20000,Low,Medium,,
SKI LODGE RD,1,1,0,0,39000,Low,High,,
SKYLARK DR,1,0,0,0,9400,Low,Low,36.7972426,-76.0751366
SMITH FARM RD,1,0,1,0,39000,Low,High,,
SMOKEY CHAMBER DR,1,0,0,0,20000,Low,Medium,,
SOUT PLAZA TRAIL,1,0,1,0,11000,Low,Low,,
SOUTH BIRDNECK ROAD,1,0,0,0,3900,Low,Low,36.8175199,-75.9987969
SOUTH BL,4,2,1,1,4000,Medium,Low,36.8450655,-75.9940997
SOUTH BLVD,3,2,1,2,4000,Medium,Low,,
SOUTH BOULEVARD,1,0,1,0,4000,Low,Low,,
SOUTH EAST MALL,1,0,1,0,4000,Low,Low,,
SOUTH EAST MALL DR,1,0,1,0,20000,Low,Medium,,
SOUTH INDEPENDENCE BL,1,0,0,0,73000,Low,High,,
SOUTH INDEPENDENCE BLVD,3,0,1,2,73000,Medium,High,,
SOUTH INDEPENDENCE BOULEVARD,1,0,1,0,73000,Low,High,,
SOUTH LYNNHAVEN,1,0,1,0,46000,Low,High,36.8296503,-76.0763851
SOUTH LYNNHAVEN RD,1,1,0,0,71000,Low,High,36.8328202,-76.0718687
SOUTH LYNNHAVEN ROAD,3,0,3,0,24667,Medium,Medium,36.8296503,-76.0763851
SOUTH MILITARY HIGHWAY,1,1,0,0,4000,Low,Low,,
SOUTH PLAZA TL,1,0,0,0,11000,Low,Low,,
SOUTH PLAZA TRAIL,3,0,3,0,11000,Medium,Low,36.8364939,-76.0891796
SOUTH PLAZA TRL,2,0,1,0,11000,Medium,Low,36.8364939,-76.0891796
SOUTH ROSEMONT RD,3,0,0,0,30000,Medium,Medium,36.8091449,-76.0993775
SOUTH ROSEMONT ROAD,1,1,0,0,30000,Low,Medium,36.7954487,-76.0987162
SOUTH ROSEMONTH RD,1,0,1,0,39000,Low,High,,
SOUTH WITCHDUCK RD,1,0,0,0,5100,Low,Low,,
SOUTHERN BL,1,0,1,0,190,Low,Low,36.7552778,-76.0673987
SOUTHERN BLVD,2,0,1,0,190,Medium,Low,,
ST,1,1,0,0,15000,Low,Low,36.8496579,-75.9760751
ST MARSHALL DR,1,0,1,1,1000,Low,Low,36.8619608,-76.0409306
STANCIL COURT,2,2,0,0,210,Medium,Low,36.8322267,-76.0859527
STEWART DR,2,0,0,0,9500,Medium,Low,,
STONE SHORE RD,1,0,0,0,39000,Low,High,,
STONESHORE RD,3,0,2,2,3000,Medium,Low,36.8055368,-76.0965885
STUMPY LAKE LA,1,0,1,0,120,Low,Low,,
SULLIVAN BL,2,0,0,1,3500,Medium,Low,,
SULLIVAN BLVD,1,0,0,0,3500,Low,Low,,
SUNNYSIDE DR,1,0,0,0,9400,Low,Low,,
SUNSTREAM PW,1,0,1,1,43000,Low,High,,
SURRY RD,1,0,1,1,71000,Low,High,,
SUSQUEHANNA DR,2,1,1,0,2100,Medium,Low,,
SWEETWATER CT,1,0,1,1,8400,Low,Low,,
TAYLOR FARM RD,1,0,1,0,39000,Low,High,36.7938911,-76.0615508
TEALWOOD DR,1,0,1,1,9400,Low,Low,,
TERRAMAR LANE,1,0,0,0,1900,Low,Low,36.7318571,-76.0132091
TERRAZZO TR,1,1,0,0,210,Low,Low,,
TH ST,4,0,2,2,8025,Medium,Low,,
TH STREET,6,3,1,0,6317,High,Low,,
THALIA RD,3,1,2,1,3700,Medium,Low,,
THALIA TRACE DR,1,0,1,1,20000,Low,Medium,,
THREE OAKS DR,1,0,0,0,20000,Low,Medium,36.7556807,-76.0234584
TIFFANY LANE,2,0,1,0,1900,Medium,Low,,
TIFFANY LN,1,0,0,0,1900,Low,Low,,
TIMBER NECK TRL,1,0,1,0,36000,Low,Medium,36.8472652,-76.0667139
TOWER BRIDGE LO,1,1,0,0,2400,Low,Low,36.7746479,-76.0377992
TOWNFIELD LANE,1,0,0,1,1900,Low,Low,36.7589145,-75.9971922
TWINFLOWER LN,1,0,1,1,1900,Low,Low,36.7710557,-76.0809958
TYSON RD,2,1,0,0,22000,Medium,Medium,,
UPTON DR,16,3,8,5,7300,High,Low,36.7539122,-76.0083106
UPTON DRIVE,1,0,1,0,5000,Low,Low,36.7539122,-76.0083106
VICTORIA DR,1,0,1,0,9400,Low,Low,36.8320226,-76.0891967
VIKING DR,2,1,0,0,7300,Medium,Low,36.8295189,-76.0660315
VILLAGE DR,1,1,0,0,6700,Low,Low,36.8466671,-76.0279674
VILLAGE RD,3,0,1,2,49667,Medium,High,36.8455645,-76.0301508
VIRGINIA  BACH BLVD,1,0,1,0,30000,Low,Medium,,
VIRGINIA BEACH BL,239,45,68,48,30000,High,Medium,36.7159724,-76.0935474
VIRGINIA BEACH BLVD,50,4,23,12,30000,High,Medium,36.8513,-75.9826
VIRGINIA BEACH BOULEVARD,4,0,2,1,30000,Medium,Medium,,
VIRGINIA BLVD,1,0,1,0,30000,Low,Medium,,
VIRGNIA BEACH BLVD,1,0,0,1,30000,Low,Medium,,
VIRIGNIA BEACH BL,1,0,0,0,30000,Low,Medium,,
VLOCK WINDSOR OAKS BLVD,1,0,0,1,6000,Low,Low,,
W GIBBS RD,1,0,0,0,71000,Low,High,,
W. NECK RD.,1,0,0,0,7200,Low,Low,36.7495162,-76.0642373
WATERFRONT DR,4,2,1,3,16250,Medium,Low,36.8503588,-75.995083
WAVERLY DR,1,0,1,0,6700,Low,Low,36.8337833,-76.0941869
WEAVER DR,1,0,0,0,9600,Low,Low,,
WEBLIN DR,3,0,0,1,9600,Medium,Low,,
WENDFIELD DR,1,0,0,0,20000,Low,Medium,,
WESLEY DR,1,0,0,0,5000,Low,Low,36.8357639,-76.0628888
WESLEYAN DR,12,4,3,5,20000,High,Medium,,
WESLEYAN RD,1,1,0,1,39000,Low,High,,
WEST NECK RD,10,3,3,2,39000,High,High,36.7468862,-76.0615269
WEST NECK ROAD,2,1,0,1,23100,Medium,Medium,36.7494684,-76.0643702
WESTERFIELD RD,1,0,0,0,19000,Low,Medium,,
WESTGROVE RD,1,0,1,1,39000,Low,High,,
WESTMINSTER LANE,1,0,1,0,2200,Low,Low,,
WESTMINSTER LN,2,1,1,1,2200,Medium,Low,,
WEYBRIDGE DR,1,0,1,0,5000,Low,Low,36.7717276,-76.0162522
WHITE BLAZE CT,1,1,0,0,8400,Low,Low,,
WHITECHAPEL CT,1,0,1,0,8400,Low,Low,,
WIIGWAAS LN,1,1,0,0,1900,Low,Low,36.854951,-75.9839323
WINDDOR OAKS BL,1,0,1,1,30000,Low,Medium,,
WINDSOR OAKS BL,5,2,2,1,6000,High,Low,,
WINDSOR OAKS BLVD,5,1,2,1,6000,High,Low,,
WINDSOR OAKS BOULEVARD,1,1,0,1,6000,Low,Low,,
WINDSORS OAK BLVD,1,0,1,0,30000,Low,Medium,,
WINDWARD SHORE DR,1,0,0,0,20000,Low,Medium,36.9071277,-76.0432963
WINTERBERRY LANE,1,0,1,0,1900,Low,Low,36.7708817,-76.083512
WINTERBERRY LN,2,0,1,1,1900,Medium,Low,36.7708817,-76.083512
WISHART  RD,1,0,1,0,1200,Low,Low,,
WISHART RD,1,0,0,1,1200,Low,Low,,
WITCHDUCK N,2,0,1,0,320,Medium,Low,,
WITCHDUCK R S,1,0,1,0,11000,Low,Low,,
WITCHDUCK RD,8,1,4,0,5100,High,Low,,
WITCHDUCK RD N,32,3,14,9,5100,High,Low,,
WITCHDUCK RD N EXIT,1,0,1,0,5100,Low,Low,,
WITCHDUCK RD S,21,4,7,3,5100,High,Low,,
WITHCDUCK RD N,1,0,0,0,39000,Low,High,,
WOLFSNARE DR,1,0,1,0,4200,Low,Low,36.8590952,-76.0458094
WOLFSNARE RD,4,1,1,1,4200,Medium,Low,36.8546376,-76.0391037
WOODBURNE DR,1,0,0,0,5000,Low,Low,36.8124792,-76.0912545
WOODBURNE DRIVE,1,0,0,1,20000,Low,Medium,36.8124792,-76.0912545
WOODS EDGE RD,1,0,0,1,350,Low,Low,,
WOODSTOCK RD,1,0,1,0,39000,Low,High,,
YORKTOWN BLVD,1,0,0,0,30000,Low,Medium,,
YORKTOWN BOULEVARD,1,0,1,1,19000,Low,Medium,,
